product_id,date,forecasted_units
P1000,2026-08-14,6.75
P1000,2026-08-15,7.26
P1000,2026-08-16,6.81
P1000,2026-08-17,6.59
P1000,2026-08-18,7.4
P1000,2026-08-19,7.08
P1000,2026-08-20,7.18
P1000,2026-08-21,6.93
P1000,2026-08-22,7.44
P1000,2026-08-23,6.98
P1000,2026-08-24,6.76
P1000,2026-08-25,7.57
P1000,2026-08-26,7.25
P1000,2026-08-27,7.35
P1000,2026-08-28,7.1
P1000,2026-08-29,7.6
P1000,2026-08-30,7.14
P1000,2026-08-31,6.92
P1000,2026-09-01,7.73
P1000,2026-09-02,7.4
P1000,2026-09-03,7.5
P1000,2026-09-04,7.25
P1000,2026-09-05,7.75
P1000,2026-09-06,7.29
P1000,2026-09-07,7.06
P1000,2026-09-08,7.87
P1000,2026-09-09,7.54
P1000,2026-09-10,7.64
P1000,2026-09-11,7.38
P1000,2026-09-12,7.88
P1001,2026-08-14,2.8
P1001,2026-08-15,3.53
P1001,2026-08-16,3.55
P1001,2026-08-17,2.95
P1001,2026-08-18,3.09
P1001,2026-08-19,3.22
P1001,2026-08-20,3.15
P1001,2026-08-21,2.8
P1001,2026-08-22,3.53
P1001,2026-08-23,3.55
P1001,2026-08-24,2.95
P1001,2026-08-25,3.09
P1001,2026-08-26,3.22
P1001,2026-08-27,3.15
P1001,2026-08-28,2.8
P1001,2026-08-29,3.53
P1001,2026-08-30,3.55
P1001,2026-08-31,2.95
P1001,2026-09-01,3.09
P1001,2026-09-02,3.22
P1001,2026-09-03,3.15
P1001,2026-09-04,2.8
P1001,2026-09-05,3.53
P1001,2026-09-06,3.55
P1001,2026-09-07,2.95
P1001,2026-09-08,3.09
P1001,2026-09-09,3.22
P1001,2026-09-10,3.15
P1001,2026-09-11,2.8
P1001,2026-09-12,3.53
P1002,2026-08-07,0.52
P1002,2026-08-08,0.33
P1002,2026-08-09,0.39
P1002,2026-08-10,0.61
P1002,2026-08-11,0.73
P1002,2026-08-12,0.43
P1002,2026-08-13,0.39
P1002,2026-08-14,0.5
P1002,2026-08-15,0.31
P1002,2026-08-16,0.37
P1002,2026-08-17,0.59
P1002,2026-08-18,0.72
P1002,2026-08-19,0.41
P1002,2026-08-20,0.37
P1002,2026-08-21,0.48
P1002,2026-08-22,0.29
P1002,2026-08-23,0.35
P1002,2026-08-24,0.57
P1002,2026-08-25,0.7
P1002,2026-08-26,0.39
P1002,2026-08-27,0.35
P1002,2026-08-28,0.47
P1002,2026-08-29,0.27
P1002,2026-08-30,0.34
P1002,2026-08-31,0.56
P1002,2026-09-01,0.68
P1002,2026-09-02,0.37
P1002,2026-09-03,0.33
P1002,2026-09-04,0.45
P1002,2026-09-05,0.26
P1003,2026-08-14,5.56
P1003,2026-08-15,6.79
P1003,2026-08-16,7.74
P1003,2026-08-17,5.91
P1003,2026-08-18,5.98
P1003,2026-08-19,6.71
P1003,2026-08-20,5.94
P1003,2026-08-21,5.65
P1003,2026-08-22,6.88
P1003,2026-08-23,7.83
P1003,2026-08-24,6.0
P1003,2026-08-25,6.07
P1003,2026-08-26,6.79
P1003,2026-08-27,6.02
P1003,2026-08-28,5.73
P1003,2026-08-29,6.95
P1003,2026-08-30,7.91
P1003,2026-08-31,6.07
P1003,2026-09-01,6.14
P1003,2026-09-02,6.86
P1003,2026-09-03,6.08
P1003,2026-09-04,5.79
P1003,2026-09-05,7.02
P1003,2026-09-06,7.97
P1003,2026-09-07,6.13
P1003,2026-09-08,6.2
P1003,2026-09-09,6.92
P1003,2026-09-10,6.14
P1003,2026-09-11,5.85
P1003,2026-09-12,7.07
P1004,2026-08-14,3.4
P1004,2026-08-15,4.74
P1004,2026-08-16,5.1
P1004,2026-08-17,3.39
P1004,2026-08-18,3.21
P1004,2026-08-19,3.72
P1004,2026-08-20,2.81
P1004,2026-08-21,3.45
P1004,2026-08-22,4.79
P1004,2026-08-23,5.15
P1004,2026-08-24,3.44
P1004,2026-08-25,3.26
P1004,2026-08-26,3.77
P1004,2026-08-27,2.86
P1004,2026-08-28,3.5
P1004,2026-08-29,4.83
P1004,2026-08-30,5.19
P1004,2026-08-31,3.49
P1004,2026-09-01,3.3
P1004,2026-09-02,3.81
P1004,2026-09-03,2.9
P1004,2026-09-04,3.54
P1004,2026-09-05,4.87
P1004,2026-09-06,5.23
P1004,2026-09-07,3.52
P1004,2026-09-08,3.34
P1004,2026-09-09,3.85
P1004,2026-09-10,2.93
P1004,2026-09-11,3.57
P1004,2026-09-12,4.91
P1005,2026-08-14,3.48
P1005,2026-08-15,4.87
P1005,2026-08-16,4.33
P1005,2026-08-17,2.38
P1005,2026-08-18,2.95
P1005,2026-08-19,2.88
P1005,2026-08-20,2.53
P1005,2026-08-21,3.54
P1005,2026-08-22,4.94
P1005,2026-08-23,4.39
P1005,2026-08-24,2.44
P1005,2026-08-25,3.01
P1005,2026-08-26,2.94
P1005,2026-08-27,2.59
P1005,2026-08-28,3.6
P1005,2026-08-29,5.0
P1005,2026-08-30,4.45
P1005,2026-08-31,2.5
P1005,2026-09-01,3.06
P1005,2026-09-02,2.99
P1005,2026-09-03,2.64
P1005,2026-09-04,3.65
P1005,2026-09-05,5.05
P1005,2026-09-06,4.5
P1005,2026-09-07,2.54
P1005,2026-09-08,3.11
P1005,2026-09-09,3.04
P1005,2026-09-10,2.68
P1005,2026-09-11,3.7
P1005,2026-09-12,5.09
P1006,2026-08-14,0.0
P1006,2026-08-15,0.63
P1006,2026-08-16,0.29
P1006,2026-08-17,0.28
P1006,2026-08-18,0.16
P1006,2026-08-19,0.11
P1006,2026-08-20,0.1
P1006,2026-08-21,0.0
P1006,2026-08-22,0.61
P1006,2026-08-23,0.27
P1006,2026-08-24,0.26
P1006,2026-08-25,0.14
P1006,2026-08-26,0.09
P1006,2026-08-27,0.08
P1006,2026-08-28,0.0
P1006,2026-08-29,0.59
P1006,2026-08-30,0.25
P1006,2026-08-31,0.24
P1006,2026-09-01,0.12
P1006,2026-09-02,0.07
P1006,2026-09-03,0.06
P1006,2026-09-04,0.0
P1006,2026-09-05,0.57
P1006,2026-09-06,0.23
P1006,2026-09-07,0.22
P1006,2026-09-08,0.1
P1006,2026-09-09,0.05
P1006,2026-09-10,0.04
P1006,2026-09-11,0.0
P1006,2026-09-12,0.55
P1007,2026-08-13,1.73
P1007,2026-08-14,1.55
P1007,2026-08-15,2.69
P1007,2026-08-16,1.95
P1007,2026-08-17,1.79
P1007,2026-08-18,1.89
P1007,2026-08-19,1.91
P1007,2026-08-20,1.78
P1007,2026-08-21,1.6
P1007,2026-08-22,2.74
P1007,2026-08-23,1.99
P1007,2026-08-24,1.82
P1007,2026-08-25,1.93
P1007,2026-08-26,1.95
P1007,2026-08-27,1.81
P1007,2026-08-28,1.63
P1007,2026-08-29,2.77
P1007,2026-08-30,2.02
P1007,2026-08-31,1.85
P1007,2026-09-01,1.95
P1007,2026-09-02,1.97
P1007,2026-09-03,1.84
P1007,2026-09-04,1.65
P1007,2026-09-05,2.79
P1007,2026-09-06,2.04
P1007,2026-09-07,1.87
P1007,2026-09-08,1.97
P1007,2026-09-09,1.99
P1007,2026-09-10,1.85
P1007,2026-09-11,1.66
P1008,2026-08-14,10.32
P1008,2026-08-15,12.77
P1008,2026-08-16,12.64
P1008,2026-08-17,9.49
P1008,2026-08-18,10.52
P1008,2026-08-19,9.16
P1008,2026-08-20,9.42
P1008,2026-08-21,10.32
P1008,2026-08-22,12.77
P1008,2026-08-23,12.64
P1008,2026-08-24,9.49
P1008,2026-08-25,10.52
P1008,2026-08-26,9.16
P1008,2026-08-27,9.42
P1008,2026-08-28,10.32
P1008,2026-08-29,12.77
P1008,2026-08-30,12.64
P1008,2026-08-31,9.49
P1008,2026-09-01,10.52
P1008,2026-09-02,9.16
P1008,2026-09-03,9.42
P1008,2026-09-04,10.32
P1008,2026-09-05,12.77
P1008,2026-09-06,12.64
P1008,2026-09-07,9.49
P1008,2026-09-08,10.52
P1008,2026-09-09,9.16
P1008,2026-09-10,9.42
P1008,2026-09-11,10.32
P1008,2026-09-12,12.77
P1009,2026-08-14,1.26
P1009,2026-08-15,1.7
P1009,2026-08-16,1.77
P1009,2026-08-17,1.69
P1009,2026-08-18,1.65
P1009,2026-08-19,1.35
P1009,2026-08-20,1.25
P1009,2026-08-21,1.26
P1009,2026-08-22,1.7
P1009,2026-08-23,1.77
P1009,2026-08-24,1.69
P1009,2026-08-25,1.65
P1009,2026-08-26,1.35
P1009,2026-08-27,1.25
P1009,2026-08-28,1.26
P1009,2026-08-29,1.7
P1009,2026-08-30,1.77
P1009,2026-08-31,1.69
P1009,2026-09-01,1.65
P1009,2026-09-02,1.35
P1009,2026-09-03,1.25
P1009,2026-09-04,1.26
P1009,2026-09-05,1.7
P1009,2026-09-06,1.77
P1009,2026-09-07,1.69
P1009,2026-09-08,1.65
P1009,2026-09-09,1.35
P1009,2026-09-10,1.25
P1009,2026-09-11,1.26
P1009,2026-09-12,1.7
P1010,2026-08-14,4.74
P1010,2026-08-15,7.13
P1010,2026-08-16,7.0
P1010,2026-08-17,4.88
P1010,2026-08-18,4.71
P1010,2026-08-19,4.04
P1010,2026-08-20,4.59
P1010,2026-08-21,4.84
P1010,2026-08-22,7.23
P1010,2026-08-23,7.1
P1010,2026-08-24,4.97
P1010,2026-08-25,4.8
P1010,2026-08-26,4.13
P1010,2026-08-27,4.67
P1010,2026-08-28,4.92
P1010,2026-08-29,7.3
P1010,2026-08-30,7.17
P1010,2026-08-31,5.04
P1010,2026-09-01,4.87
P1010,2026-09-02,4.2
P1010,2026-09-03,4.74
P1010,2026-09-04,4.98
P1010,2026-09-05,7.37
P1010,2026-09-06,7.23
P1010,2026-09-07,5.1
P1010,2026-09-08,4.93
P1010,2026-09-09,4.25
P1010,2026-09-10,4.79
P1010,2026-09-11,5.04
P1010,2026-09-12,7.42
P1011,2026-08-14,12.51
P1011,2026-08-15,18.6
P1011,2026-08-16,19.51
P1011,2026-08-17,12.99
P1011,2026-08-18,13.25
P1011,2026-08-19,13.04
P1011,2026-08-20,13.87
P1011,2026-08-21,12.68
P1011,2026-08-22,18.76
P1011,2026-08-23,19.66
P1011,2026-08-24,13.14
P1011,2026-08-25,13.39
P1011,2026-08-26,13.18
P1011,2026-08-27,14.01
P1011,2026-08-28,12.81
P1011,2026-08-29,18.88
P1011,2026-08-30,19.79
P1011,2026-08-31,13.26
P1011,2026-09-01,13.51
P1011,2026-09-02,13.29
P1011,2026-09-03,14.11
P1011,2026-09-04,12.91
P1011,2026-09-05,18.98
P1011,2026-09-06,19.88
P1011,2026-09-07,13.36
P1011,2026-09-08,13.6
P1011,2026-09-09,13.38
P1011,2026-09-10,14.2
P1011,2026-09-11,12.99
P1011,2026-09-12,19.06
P1012,2026-08-14,3.45
P1012,2026-08-15,4.46
P1012,2026-08-16,3.92
P1012,2026-08-17,3.31
P1012,2026-08-18,2.92
P1012,2026-08-19,3.35
P1012,2026-08-20,3.87
P1012,2026-08-21,3.45
P1012,2026-08-22,4.46
P1012,2026-08-23,3.92
P1012,2026-08-24,3.31
P1012,2026-08-25,2.92
P1012,2026-08-26,3.35
P1012,2026-08-27,3.87
P1012,2026-08-28,3.45
P1012,2026-08-29,4.46
P1012,2026-08-30,3.92
P1012,2026-08-31,3.31
P1012,2026-09-01,2.92
P1012,2026-09-02,3.35
P1012,2026-09-03,3.87
P1012,2026-09-04,3.45
P1012,2026-09-05,4.46
P1012,2026-09-06,3.92
P1012,2026-09-07,3.31
P1012,2026-09-08,2.92
P1012,2026-09-09,3.35
P1012,2026-09-10,3.87
P1012,2026-09-11,3.45
P1012,2026-09-12,4.46
P1013,2026-08-14,7.88
P1013,2026-08-15,9.53
P1013,2026-08-16,9.04
P1013,2026-08-17,7.36
P1013,2026-08-18,7.69
P1013,2026-08-19,7.39
P1013,2026-08-20,7.35
P1013,2026-08-21,7.98
P1013,2026-08-22,9.63
P1013,2026-08-23,9.12
P1013,2026-08-24,7.43
P1013,2026-08-25,7.75
P1013,2026-08-26,7.45
P1013,2026-08-27,7.39
P1013,2026-08-28,8.02
P1013,2026-08-29,9.66
P1013,2026-08-30,9.15
P1013,2026-08-31,7.46
P1013,2026-09-01,7.77
P1013,2026-09-02,7.46
P1013,2026-09-03,7.41
P1013,2026-09-04,8.03
P1013,2026-09-05,9.67
P1013,2026-09-06,9.15
P1013,2026-09-07,7.46
P1013,2026-09-08,7.77
P1013,2026-09-09,7.47
P1013,2026-09-10,7.41
P1013,2026-09-11,8.04
P1013,2026-09-12,9.68
P1014,2026-08-14,6.11
P1014,2026-08-15,7.78
P1014,2026-08-16,7.04
P1014,2026-08-17,6.6
P1014,2026-08-18,6.06
P1014,2026-08-19,5.95
P1014,2026-08-20,5.55
P1014,2026-08-21,6.11
P1014,2026-08-22,7.78
P1014,2026-08-23,7.04
P1014,2026-08-24,6.6
P1014,2026-08-25,6.06
P1014,2026-08-26,5.95
P1014,2026-08-27,5.55
P1014,2026-08-28,6.11
P1014,2026-08-29,7.78
P1014,2026-08-30,7.04
P1014,2026-08-31,6.6
P1014,2026-09-01,6.06
P1014,2026-09-02,5.95
P1014,2026-09-03,5.55
P1014,2026-09-04,6.11
P1014,2026-09-05,7.78
P1014,2026-09-06,7.04
P1014,2026-09-07,6.6
P1014,2026-09-08,6.06
P1014,2026-09-09,5.95
P1014,2026-09-10,5.55
P1014,2026-09-11,6.11
P1014,2026-09-12,7.78
P1015,2026-08-14,11.77
P1015,2026-08-15,13.82
P1015,2026-08-16,13.53
P1015,2026-08-17,12.93
P1015,2026-08-18,12.65
P1015,2026-08-19,13.52
P1015,2026-08-20,12.42
P1015,2026-08-21,12.09
P1015,2026-08-22,14.14
P1015,2026-08-23,13.84
P1015,2026-08-24,13.24
P1015,2026-08-25,12.95
P1015,2026-08-26,13.82
P1015,2026-08-27,12.71
P1015,2026-08-28,12.38
P1015,2026-08-29,14.43
P1015,2026-08-30,14.12
P1015,2026-08-31,13.51
P1015,2026-09-01,13.22
P1015,2026-09-02,14.09
P1015,2026-09-03,12.98
P1015,2026-09-04,12.64
P1015,2026-09-05,14.68
P1015,2026-09-06,14.37
P1015,2026-09-07,13.76
P1015,2026-09-08,13.47
P1015,2026-09-09,14.33
P1015,2026-09-10,13.21
P1015,2026-09-11,12.87
P1015,2026-09-12,14.91
P1016,2026-08-14,2.55
P1016,2026-08-15,5.06
P1016,2026-08-16,4.77
P1016,2026-08-17,2.76
P1016,2026-08-18,2.84
P1016,2026-08-19,3.14
P1016,2026-08-20,2.64
P1016,2026-08-21,2.59
P1016,2026-08-22,5.09
P1016,2026-08-23,4.81
P1016,2026-08-24,2.79
P1016,2026-08-25,2.87
P1016,2026-08-26,3.17
P1016,2026-08-27,2.67
P1016,2026-08-28,2.62
P1016,2026-08-29,5.12
P1016,2026-08-30,4.84
P1016,2026-08-31,2.82
P1016,2026-09-01,2.9
P1016,2026-09-02,3.2
P1016,2026-09-03,2.7
P1016,2026-09-04,2.65
P1016,2026-09-05,5.15
P1016,2026-09-06,4.86
P1016,2026-09-07,2.85
P1016,2026-09-08,2.93
P1016,2026-09-09,3.22
P1016,2026-09-10,2.72
P1016,2026-09-11,2.67
P1016,2026-09-12,5.17
P1017,2026-08-13,1.83
P1017,2026-08-14,1.39
P1017,2026-08-15,2.64
P1017,2026-08-16,2.53
P1017,2026-08-17,1.92
P1017,2026-08-18,1.91
P1017,2026-08-19,1.72
P1017,2026-08-20,1.86
P1017,2026-08-21,1.41
P1017,2026-08-22,2.66
P1017,2026-08-23,2.55
P1017,2026-08-24,1.94
P1017,2026-08-25,1.92
P1017,2026-08-26,1.74
P1017,2026-08-27,1.87
P1017,2026-08-28,1.43
P1017,2026-08-29,2.68
P1017,2026-08-30,2.56
P1017,2026-08-31,1.95
P1017,2026-09-01,1.94
P1017,2026-09-02,1.75
P1017,2026-09-03,1.88
P1017,2026-09-04,1.44
P1017,2026-09-05,2.69
P1017,2026-09-06,2.57
P1017,2026-09-07,1.96
P1017,2026-09-08,1.94
P1017,2026-09-09,1.75
P1017,2026-09-10,1.89
P1017,2026-09-11,1.44
P1018,2026-08-14,2.09
P1018,2026-08-15,2.9
P1018,2026-08-16,2.87
P1018,2026-08-17,2.04
P1018,2026-08-18,2.18
P1018,2026-08-19,2.2
P1018,2026-08-20,1.87
P1018,2026-08-21,2.12
P1018,2026-08-22,2.93
P1018,2026-08-23,2.89
P1018,2026-08-24,2.06
P1018,2026-08-25,2.2
P1018,2026-08-26,2.22
P1018,2026-08-27,1.89
P1018,2026-08-28,2.14
P1018,2026-08-29,2.95
P1018,2026-08-30,2.91
P1018,2026-08-31,2.08
P1018,2026-09-01,2.22
P1018,2026-09-02,2.24
P1018,2026-09-03,1.91
P1018,2026-09-04,2.16
P1018,2026-09-05,2.96
P1018,2026-09-06,2.92
P1018,2026-09-07,2.1
P1018,2026-09-08,2.23
P1018,2026-09-09,2.25
P1018,2026-09-10,1.92
P1018,2026-09-11,2.17
P1018,2026-09-12,2.98
P1019,2026-08-14,0.86
P1019,2026-08-15,1.43
P1019,2026-08-16,1.55
P1019,2026-08-17,0.3
P1019,2026-08-18,0.83
P1019,2026-08-19,0.63
P1019,2026-08-20,1.04
P1019,2026-08-21,0.87
P1019,2026-08-22,1.44
P1019,2026-08-23,1.56
P1019,2026-08-24,0.3
P1019,2026-08-25,0.84
P1019,2026-08-26,0.64
P1019,2026-08-27,1.05
P1019,2026-08-28,0.87
P1019,2026-08-29,1.44
P1019,2026-08-30,1.57
P1019,2026-08-31,0.31
P1019,2026-09-01,0.84
P1019,2026-09-02,0.64
P1019,2026-09-03,1.06
P1019,2026-09-04,0.88
P1019,2026-09-05,1.45
P1019,2026-09-06,1.58
P1019,2026-09-07,0.32
P1019,2026-09-08,0.85
P1019,2026-09-09,0.65
P1019,2026-09-10,1.07
P1019,2026-09-11,0.89
P1019,2026-09-12,1.46
P1020,2026-08-14,5.58
P1020,2026-08-15,9.52
P1020,2026-08-16,9.99
P1020,2026-08-17,6.11
P1020,2026-08-18,6.74
P1020,2026-08-19,5.91
P1020,2026-08-20,5.96
P1020,2026-08-21,5.52
P1020,2026-08-22,9.47
P1020,2026-08-23,9.95
P1020,2026-08-24,6.08
P1020,2026-08-25,6.71
P1020,2026-08-26,5.88
P1020,2026-08-27,5.94
P1020,2026-08-28,5.51
P1020,2026-08-29,9.45
P1020,2026-08-30,9.94
P1020,2026-08-31,6.07
P1020,2026-09-01,6.7
P1020,2026-09-02,5.87
P1020,2026-09-03,5.94
P1020,2026-09-04,5.5
P1020,2026-09-05,9.45
P1020,2026-09-06,9.93
P1020,2026-09-07,6.07
P1020,2026-09-08,6.69
P1020,2026-09-09,5.87
P1020,2026-09-10,5.93
P1020,2026-09-11,5.5
P1020,2026-09-12,9.45
P1021,2026-08-14,0.3
P1021,2026-08-15,0.61
P1021,2026-08-16,0.26
P1021,2026-08-17,0.46
P1021,2026-08-18,0.3
P1021,2026-08-19,0.32
P1021,2026-08-20,0.42
P1021,2026-08-21,0.31
P1021,2026-08-22,0.61
P1021,2026-08-23,0.27
P1021,2026-08-24,0.46
P1021,2026-08-25,0.3
P1021,2026-08-26,0.32
P1021,2026-08-27,0.42
P1021,2026-08-28,0.31
P1021,2026-08-29,0.61
P1021,2026-08-30,0.27
P1021,2026-08-31,0.46
P1021,2026-09-01,0.3
P1021,2026-09-02,0.32
P1021,2026-09-03,0.42
P1021,2026-09-04,0.31
P1021,2026-09-05,0.61
P1021,2026-09-06,0.27
P1021,2026-09-07,0.46
P1021,2026-09-08,0.3
P1021,2026-09-09,0.32
P1021,2026-09-10,0.42
P1021,2026-09-11,0.31
P1021,2026-09-12,0.61
P1022,2026-08-12,0.1
P1022,2026-08-13,0.41
P1022,2026-08-14,0.06
P1022,2026-08-15,0.92
P1022,2026-08-16,1.07
P1022,2026-08-17,0.18
P1022,2026-08-18,0.35
P1022,2026-08-19,0.08
P1022,2026-08-20,0.39
P1022,2026-08-21,0.04
P1022,2026-08-22,0.9
P1022,2026-08-23,1.05
P1022,2026-08-24,0.16
P1022,2026-08-25,0.33
P1022,2026-08-26,0.06
P1022,2026-08-27,0.37
P1022,2026-08-28,0.03
P1022,2026-08-29,0.89
P1022,2026-08-30,1.03
P1022,2026-08-31,0.14
P1022,2026-09-01,0.31
P1022,2026-09-02,0.04
P1022,2026-09-03,0.35
P1022,2026-09-04,0.01
P1022,2026-09-05,0.87
P1022,2026-09-06,1.02
P1022,2026-09-07,0.13
P1022,2026-09-08,0.3
P1022,2026-09-09,0.02
P1022,2026-09-10,0.33
P1023,2026-08-14,2.77
P1023,2026-08-15,4.18
P1023,2026-08-16,3.7
P1023,2026-08-17,3.19
P1023,2026-08-18,3.17
P1023,2026-08-19,2.81
P1023,2026-08-20,3.0
P1023,2026-08-21,2.78
P1023,2026-08-22,4.19
P1023,2026-08-23,3.71
P1023,2026-08-24,3.2
P1023,2026-08-25,3.18
P1023,2026-08-26,2.82
P1023,2026-08-27,3.01
P1023,2026-08-28,2.79
P1023,2026-08-29,4.2
P1023,2026-08-30,3.72
P1023,2026-08-31,3.21
P1023,2026-09-01,3.19
P1023,2026-09-02,2.83
P1023,2026-09-03,3.02
P1023,2026-09-04,2.8
P1023,2026-09-05,4.21
P1023,2026-09-06,3.73
P1023,2026-09-07,3.21
P1023,2026-09-08,3.2
P1023,2026-09-09,2.83
P1023,2026-09-10,3.03
P1023,2026-09-11,2.81
P1023,2026-09-12,4.21
P1024,2026-08-14,4.33
P1024,2026-08-15,5.96
P1024,2026-08-16,5.27
P1024,2026-08-17,5.16
P1024,2026-08-18,4.44
P1024,2026-08-19,4.1
P1024,2026-08-20,3.89
P1024,2026-08-21,4.35
P1024,2026-08-22,5.98
P1024,2026-08-23,5.29
P1024,2026-08-24,5.18
P1024,2026-08-25,4.46
P1024,2026-08-26,4.12
P1024,2026-08-27,3.91
P1024,2026-08-28,4.37
P1024,2026-08-29,5.99
P1024,2026-08-30,5.3
P1024,2026-08-31,5.19
P1024,2026-09-01,4.47
P1024,2026-09-02,4.13
P1024,2026-09-03,3.92
P1024,2026-09-04,4.38
P1024,2026-09-05,6.0
P1024,2026-09-06,5.32
P1024,2026-09-07,5.21
P1024,2026-09-08,4.48
P1024,2026-09-09,4.14
P1024,2026-09-10,3.93
P1024,2026-09-11,4.39
P1024,2026-09-12,6.01
P1025,2026-08-13,0.43
P1025,2026-08-14,0.35
P1025,2026-08-15,0.42
P1025,2026-08-16,0.41
P1025,2026-08-17,0.0
P1025,2026-08-18,0.56
P1025,2026-08-19,0.12
P1025,2026-08-20,0.43
P1025,2026-08-21,0.35
P1025,2026-08-22,0.42
P1025,2026-08-23,0.4
P1025,2026-08-24,0.0
P1025,2026-08-25,0.55
P1025,2026-08-26,0.12
P1025,2026-08-27,0.42
P1025,2026-08-28,0.35
P1025,2026-08-29,0.41
P1025,2026-08-30,0.4
P1025,2026-08-31,0.0
P1025,2026-09-01,0.55
P1025,2026-09-02,0.12
P1025,2026-09-03,0.42
P1025,2026-09-04,0.35
P1025,2026-09-05,0.41
P1025,2026-09-06,0.4
P1025,2026-09-07,0.0
P1025,2026-09-08,0.55
P1025,2026-09-09,0.11
P1025,2026-09-10,0.42
P1025,2026-09-11,0.34
P1026,2026-08-13,0.89
P1026,2026-08-14,0.98
P1026,2026-08-15,0.92
P1026,2026-08-16,1.29
P1026,2026-08-17,0.82
P1026,2026-08-18,0.82
P1026,2026-08-19,0.85
P1026,2026-08-20,0.89
P1026,2026-08-21,0.98
P1026,2026-08-22,0.92
P1026,2026-08-23,1.29
P1026,2026-08-24,0.82
P1026,2026-08-25,0.82
P1026,2026-08-26,0.85
P1026,2026-08-27,0.89
P1026,2026-08-28,0.98
P1026,2026-08-29,0.92
P1026,2026-08-30,1.29
P1026,2026-08-31,0.82
P1026,2026-09-01,0.82
P1026,2026-09-02,0.85
P1026,2026-09-03,0.89
P1026,2026-09-04,0.98
P1026,2026-09-05,0.92
P1026,2026-09-06,1.29
P1026,2026-09-07,0.82
P1026,2026-09-08,0.82
P1026,2026-09-09,0.85
P1026,2026-09-10,0.89
P1026,2026-09-11,0.98
P1027,2026-08-14,5.57
P1027,2026-08-15,9.24
P1027,2026-08-16,10.15
P1027,2026-08-17,5.8
P1027,2026-08-18,6.32
P1027,2026-08-19,6.11
P1027,2026-08-20,6.4
P1027,2026-08-21,5.57
P1027,2026-08-22,9.24
P1027,2026-08-23,10.15
P1027,2026-08-24,5.8
P1027,2026-08-25,6.32
P1027,2026-08-26,6.11
P1027,2026-08-27,6.4
P1027,2026-08-28,5.57
P1027,2026-08-29,9.24
P1027,2026-08-30,10.15
P1027,2026-08-31,5.8
P1027,2026-09-01,6.32
P1027,2026-09-02,6.11
P1027,2026-09-03,6.4
P1027,2026-09-04,5.57
P1027,2026-09-05,9.24
P1027,2026-09-06,10.15
P1027,2026-09-07,5.8
P1027,2026-09-08,6.32
P1027,2026-09-09,6.11
P1027,2026-09-10,6.4
P1027,2026-09-11,5.57
P1027,2026-09-12,9.24
P1028,2026-08-14,3.59
P1028,2026-08-15,3.93
P1028,2026-08-16,3.96
P1028,2026-08-17,3.48
P1028,2026-08-18,3.28
P1028,2026-08-19,3.24
P1028,2026-08-20,3.68
P1028,2026-08-21,3.59
P1028,2026-08-22,3.94
P1028,2026-08-23,3.97
P1028,2026-08-24,3.49
P1028,2026-08-25,3.29
P1028,2026-08-26,3.25
P1028,2026-08-27,3.69
P1028,2026-08-28,3.6
P1028,2026-08-29,3.94
P1028,2026-08-30,3.97
P1028,2026-08-31,3.49
P1028,2026-09-01,3.29
P1028,2026-09-02,3.25
P1028,2026-09-03,3.69
P1028,2026-09-04,3.6
P1028,2026-09-05,3.94
P1028,2026-09-06,3.98
P1028,2026-09-07,3.49
P1028,2026-09-08,3.29
P1028,2026-09-09,3.25
P1028,2026-09-10,3.69
P1028,2026-09-11,3.6
P1028,2026-09-12,3.94
P1029,2026-08-14,5.26
P1029,2026-08-15,8.83
P1029,2026-08-16,9.22
P1029,2026-08-17,5.31
P1029,2026-08-18,5.18
P1029,2026-08-19,5.44
P1029,2026-08-20,5.91
P1029,2026-08-21,5.32
P1029,2026-08-22,8.89
P1029,2026-08-23,9.28
P1029,2026-08-24,5.36
P1029,2026-08-25,5.24
P1029,2026-08-26,5.49
P1029,2026-08-27,5.96
P1029,2026-08-28,5.37
P1029,2026-08-29,8.93
P1029,2026-08-30,9.33
P1029,2026-08-31,5.41
P1029,2026-09-01,5.28
P1029,2026-09-02,5.54
P1029,2026-09-03,6.01
P1029,2026-09-04,5.41
P1029,2026-09-05,8.97
P1029,2026-09-06,9.36
P1029,2026-09-07,5.45
P1029,2026-09-08,5.32
P1029,2026-09-09,5.57
P1029,2026-09-10,6.04
P1029,2026-09-11,5.45
P1029,2026-09-12,9.01
P1030,2026-08-14,4.9
P1030,2026-08-15,7.38
P1030,2026-08-16,7.98
P1030,2026-08-17,5.14
P1030,2026-08-18,5.1
P1030,2026-08-19,4.82
P1030,2026-08-20,4.48
P1030,2026-08-21,4.93
P1030,2026-08-22,7.41
P1030,2026-08-23,8.01
P1030,2026-08-24,5.17
P1030,2026-08-25,5.13
P1030,2026-08-26,4.85
P1030,2026-08-27,4.51
P1030,2026-08-28,4.95
P1030,2026-08-29,7.44
P1030,2026-08-30,8.03
P1030,2026-08-31,5.19
P1030,2026-09-01,5.16
P1030,2026-09-02,4.87
P1030,2026-09-03,4.53
P1030,2026-09-04,4.98
P1030,2026-09-05,7.46
P1030,2026-09-06,8.06
P1030,2026-09-07,5.21
P1030,2026-09-08,5.18
P1030,2026-09-09,4.89
P1030,2026-09-10,4.55
P1030,2026-09-11,4.99
P1030,2026-09-12,7.48
P1031,2026-08-14,3.41
P1031,2026-08-15,4.88
P1031,2026-08-16,4.8
P1031,2026-08-17,3.84
P1031,2026-08-18,4.06
P1031,2026-08-19,4.1
P1031,2026-08-20,3.81
P1031,2026-08-21,3.56
P1031,2026-08-22,5.02
P1031,2026-08-23,4.95
P1031,2026-08-24,3.99
P1031,2026-08-25,4.2
P1031,2026-08-26,4.24
P1031,2026-08-27,3.95
P1031,2026-08-28,3.69
P1031,2026-08-29,5.15
P1031,2026-08-30,5.07
P1031,2026-08-31,4.11
P1031,2026-09-01,4.32
P1031,2026-09-02,4.36
P1031,2026-09-03,4.07
P1031,2026-09-04,3.8
P1031,2026-09-05,5.26
P1031,2026-09-06,5.18
P1031,2026-09-07,4.22
P1031,2026-09-08,4.43
P1031,2026-09-09,4.46
P1031,2026-09-10,4.17
P1031,2026-09-11,3.9
P1031,2026-09-12,5.36
P1032,2026-08-14,14.76
P1032,2026-08-15,19.56
P1032,2026-08-16,20.11
P1032,2026-08-17,14.31
P1032,2026-08-18,14.15
P1032,2026-08-19,14.93
P1032,2026-08-20,13.54
P1032,2026-08-21,15.12
P1032,2026-08-22,19.91
P1032,2026-08-23,20.46
P1032,2026-08-24,14.66
P1032,2026-08-25,14.49
P1032,2026-08-26,15.27
P1032,2026-08-27,13.87
P1032,2026-08-28,15.44
P1032,2026-08-29,20.23
P1032,2026-08-30,20.77
P1032,2026-08-31,14.97
P1032,2026-09-01,14.79
P1032,2026-09-02,15.57
P1032,2026-09-03,14.16
P1032,2026-09-04,15.73
P1032,2026-09-05,20.52
P1032,2026-09-06,21.05
P1032,2026-09-07,15.24
P1032,2026-09-08,15.07
P1032,2026-09-09,15.83
P1032,2026-09-10,14.43
P1032,2026-09-11,15.99
P1032,2026-09-12,20.77
P1033,2026-08-08,0.64
P1033,2026-08-09,0.6
P1033,2026-08-10,0.57
P1033,2026-08-11,0.55
P1033,2026-08-12,0.47
P1033,2026-08-13,0.75
P1033,2026-08-14,0.75
P1033,2026-08-15,0.63
P1033,2026-08-16,0.6
P1033,2026-08-17,0.56
P1033,2026-08-18,0.54
P1033,2026-08-19,0.47
P1033,2026-08-20,0.74
P1033,2026-08-21,0.75
P1033,2026-08-22,0.63
P1033,2026-08-23,0.59
P1033,2026-08-24,0.56
P1033,2026-08-25,0.54
P1033,2026-08-26,0.46
P1033,2026-08-27,0.74
P1033,2026-08-28,0.74
P1033,2026-08-29,0.63
P1033,2026-08-30,0.59
P1033,2026-08-31,0.55
P1033,2026-09-01,0.54
P1033,2026-09-02,0.46
P1033,2026-09-03,0.74
P1033,2026-09-04,0.74
P1033,2026-09-05,0.62
P1033,2026-09-06,0.59
P1034,2026-08-14,2.78
P1034,2026-08-15,4.02
P1034,2026-08-16,3.2
P1034,2026-08-17,2.52
P1034,2026-08-18,2.79
P1034,2026-08-19,3.36
P1034,2026-08-20,3.1
P1034,2026-08-21,2.83
P1034,2026-08-22,4.07
P1034,2026-08-23,3.25
P1034,2026-08-24,2.56
P1034,2026-08-25,2.84
P1034,2026-08-26,3.4
P1034,2026-08-27,3.14
P1034,2026-08-28,2.87
P1034,2026-08-29,4.11
P1034,2026-08-30,3.29
P1034,2026-08-31,2.6
P1034,2026-09-01,2.88
P1034,2026-09-02,3.44
P1034,2026-09-03,3.18
P1034,2026-09-04,2.91
P1034,2026-09-05,4.14
P1034,2026-09-06,3.32
P1034,2026-09-07,2.64
P1034,2026-09-08,2.91
P1034,2026-09-09,3.47
P1034,2026-09-10,3.21
P1034,2026-09-11,2.94
P1034,2026-09-12,4.17
P1035,2026-08-14,0.82
P1035,2026-08-15,0.98
P1035,2026-08-16,1.36
P1035,2026-08-17,0.73
P1035,2026-08-18,0.51
P1035,2026-08-19,0.66
P1035,2026-08-20,0.9
P1035,2026-08-21,0.82
P1035,2026-08-22,0.98
P1035,2026-08-23,1.35
P1035,2026-08-24,0.73
P1035,2026-08-25,0.5
P1035,2026-08-26,0.66
P1035,2026-08-27,0.89
P1035,2026-08-28,0.82
P1035,2026-08-29,0.98
P1035,2026-08-30,1.35
P1035,2026-08-31,0.73
P1035,2026-09-01,0.5
P1035,2026-09-02,0.66
P1035,2026-09-03,0.89
P1035,2026-09-04,0.82
P1035,2026-09-05,0.98
P1035,2026-09-06,1.35
P1035,2026-09-07,0.73
P1035,2026-09-08,0.5
P1035,2026-09-09,0.66
P1035,2026-09-10,0.89
P1035,2026-09-11,0.82
P1035,2026-09-12,0.98
P1036,2026-08-14,3.05
P1036,2026-08-15,3.28
P1036,2026-08-16,3.37
P1036,2026-08-17,3.31
P1036,2026-08-18,2.89
P1036,2026-08-19,3.21
P1036,2026-08-20,2.9
P1036,2026-08-21,3.08
P1036,2026-08-22,3.31
P1036,2026-08-23,3.39
P1036,2026-08-24,3.34
P1036,2026-08-25,2.92
P1036,2026-08-26,3.23
P1036,2026-08-27,2.93
P1036,2026-08-28,3.1
P1036,2026-08-29,3.33
P1036,2026-08-30,3.41
P1036,2026-08-31,3.36
P1036,2026-09-01,2.94
P1036,2026-09-02,3.25
P1036,2026-09-03,2.94
P1036,2026-09-04,3.12
P1036,2026-09-05,3.35
P1036,2026-09-06,3.43
P1036,2026-09-07,3.37
P1036,2026-09-08,2.95
P1036,2026-09-09,3.26
P1036,2026-09-10,2.96
P1036,2026-09-11,3.13
P1036,2026-09-12,3.36
P1037,2026-08-14,0.93
P1037,2026-08-15,1.59
P1037,2026-08-16,1.4
P1037,2026-08-17,0.88
P1037,2026-08-18,0.71
P1037,2026-08-19,1.19
P1037,2026-08-20,1.12
P1037,2026-08-21,0.94
P1037,2026-08-22,1.59
P1037,2026-08-23,1.4
P1037,2026-08-24,0.88
P1037,2026-08-25,0.71
P1037,2026-08-26,1.19
P1037,2026-08-27,1.12
P1037,2026-08-28,0.94
P1037,2026-08-29,1.6
P1037,2026-08-30,1.4
P1037,2026-08-31,0.89
P1037,2026-09-01,0.71
P1037,2026-09-02,1.2
P1037,2026-09-03,1.12
P1037,2026-09-04,0.94
P1037,2026-09-05,1.6
P1037,2026-09-06,1.41
P1037,2026-09-07,0.89
P1037,2026-09-08,0.72
P1037,2026-09-09,1.2
P1037,2026-09-10,1.12
P1037,2026-09-11,0.94
P1037,2026-09-12,1.6
P1038,2026-08-14,2.55
P1038,2026-08-15,3.29
P1038,2026-08-16,3.93
P1038,2026-08-17,2.46
P1038,2026-08-18,2.35
P1038,2026-08-19,2.82
P1038,2026-08-20,2.52
P1038,2026-08-21,2.59
P1038,2026-08-22,3.33
P1038,2026-08-23,3.97
P1038,2026-08-24,2.5
P1038,2026-08-25,2.39
P1038,2026-08-26,2.86
P1038,2026-08-27,2.55
P1038,2026-08-28,2.63
P1038,2026-08-29,3.37
P1038,2026-08-30,4.01
P1038,2026-08-31,2.53
P1038,2026-09-01,2.42
P1038,2026-09-02,2.89
P1038,2026-09-03,2.59
P1038,2026-09-04,2.67
P1038,2026-09-05,3.4
P1038,2026-09-06,4.04
P1038,2026-09-07,2.57
P1038,2026-09-08,2.45
P1038,2026-09-09,2.92
P1038,2026-09-10,2.62
P1038,2026-09-11,2.69
P1038,2026-09-12,3.43
P1039,2026-08-14,3.59
P1039,2026-08-15,4.76
P1039,2026-08-16,5.24
P1039,2026-08-17,3.62
P1039,2026-08-18,3.31
P1039,2026-08-19,3.9
P1039,2026-08-20,3.52
P1039,2026-08-21,3.59
P1039,2026-08-22,4.76
P1039,2026-08-23,5.24
P1039,2026-08-24,3.62
P1039,2026-08-25,3.31
P1039,2026-08-26,3.9
P1039,2026-08-27,3.52
P1039,2026-08-28,3.59
P1039,2026-08-29,4.76
P1039,2026-08-30,5.24
P1039,2026-08-31,3.62
P1039,2026-09-01,3.31
P1039,2026-09-02,3.9
P1039,2026-09-03,3.52
P1039,2026-09-04,3.59
P1039,2026-09-05,4.76
P1039,2026-09-06,5.24
P1039,2026-09-07,3.62
P1039,2026-09-08,3.31
P1039,2026-09-09,3.9
P1039,2026-09-10,3.52
P1039,2026-09-11,3.59
P1039,2026-09-12,4.76
